Component	kappa	rho	variance explained	normalized variance explained	countsigFT2	countsigFS0	dice_FT2	dice_FS0	signal-noise_t	signal-noise_p	optimal sign	Var Exp of rejected to accepted	classification	classification_tags
ICA_00	53.72190116525917	17.48469307312564	0.3684869749219299	0.6409046428307759	3506	2646	0.6681260945709282	0.5180982195265115	13.96903736151071	1.5569674385583248e-39	1	8.352480827201314	accepted	Likely BOLD
ICA_01	72.04282272683136	15.34067976875024	0.5806926090120321	1.3383497907647686	5762	4354	0.7635840230298668	0.6233585124927368	15.730281283917439	6.512252034481328e-49	1	14.625979199384675	accepted	Likely BOLD
ICA_02	127.44378467691278	17.25373945607363	1.0607899696383623	2.0243643281360666	5981	4576	0.7704313523711517	0.6558620689655172	13.293750777424744	4.646424423023462e-35	1	16.90200772503253	accepted	Likely BOLD
ICA_03	20.60970186999107	23.694908019887748	1.0049291840014898	1.724279499463536	2932	2506	0.4190842362810206	0.34870550161812297	0.4388623900482553	0.6608461264722187	1	n/a	rejected	Unlikely BOLD
ICA_04	29.804007232485965	23.255523914696017	0.25792578461872556	0.7745961348245717	5364	4116	0.7381161542215715	0.6086307673174979	7.6542354330615945	3.953135411926803e-14	1	n/a	rejected	Unlikely BOLD
ICA_05	21.42627007793466	14.573399387260933	0.1580982431851867	0.40977372361688313	2760	1795	0.5059021922428331	0.31986143187066973	0.0	0.0	1	n/a	rejected	Unlikely BOLD
ICA_06	64.0178196211951	14.806334491032537	0.24501927776312332	0.7429113062766567	4835	3254	0.7487057808455565	0.6308153288124901	15.663262234501614	2.2015386702481446e-50	1	16.774154266160302	accepted	Likely BOLD
ICA_07	29.717674020757613	24.719364422749464	1.1066009204679592	2.1817475502455563	4310	3801	0.5451977401129944	0.43647234678624813	4.273332458647948	2.0870389352360843e-05	1	n/a	rejected	Unlikely BOLD
ICA_08	108.01022019448189	15.925324132332376	0.6802922746080151	1.478501648390604	5752	3957	0.7628734901462174	0.6297533401849948	14.129181948967414	6.501841774474979e-41	1	19.869046543537973	accepted	Likely BOLD
ICA_09	39.88476701394739	14.906686989355073	0.1475035656509066	0.5756502320970122	3247	2472	0.6379698040475426	0.5355751486569612	11.250179441357286	5.8659843651323744e-27	1	16.056569544895282	accepted	Likely BOLD
ICA_10	67.65324670125618	14.924820059779963	0.21629131242205815	0.6585889560864845	4241	2706	0.6683842473316157	0.5787805332836099	16.03599021445252	1.5651077304349096e-51	1	12.837128457122093	accepted	Likely BOLD
ICA_11	27.26715243041789	13.06251361792734	0.19294720786748512	0.48951132401778435	3733	2892	0.6776615714668812	0.5124289772727273	8.979202949249357	1.5566976256612628e-17	-1	n/a	rejected	Unlikely BOLD
ICA_12	48.9298592481807	28.035595719969866	0.957972549751613	1.703815820006047	6865	6041	0.6201972618872369	0.4746689448953439	7.298457715914055	2.9613045098122144e-12	1	n/a	rejected	Unlikely BOLD
ICA_13	98.47531803732001	17.219901116243072	0.47928578318957304	1.1325010276332177	6637	5000	0.8165095068789612	0.6827342613754415	7.308754146613318	6.035420810303409e-13	1	15.961642374791063	accepted	Likely BOLD
ICA_14	39.64439364694015	35.33111662337578	0.7129196030059478	1.3451193195863203	7159	6434	0.6660944206008583	0.5477799227799228	3.984150551869615	0.00014757392892198728	1	n/a	rejected	Unlikely BOLD
ICA_15	66.89300499980041	17.349904633104575	0.4137963365108589	1.693718113957575	6079	4144	0.733146530410417	0.5827946295375435	7.524481816415402	1.1521158050284472e-12	1	18.26344158911901	accepted	Likely BOLD
ICA_16	24.443057603798646	28.14885103396936	0.7275435243479191	1.6221671534908826	3964	3920	0.5027322404371585	0.4812070591405092	-1.4097423843342118	0.15888484359746394	1	n/a	rejected	Unlikely BOLD
ICA_17	125.09844466801763	19.625409809982497	2.05843464661587	3.2481342442094627	7865	6103	0.8077050813683162	0.700139470013947	5.7515950205909565	1.3278646249894849e-08	1	24.103850923213166	accepted	Likely BOLD
ICA_18	19.819042402048233	15.299478603001512	0.6733822014094066	1.0064696920652538	2789	2361	0.5251022685013016	0.3905912818299525	-5.527291304086435	1.4850755706486737e-07	1	n/a	rejected	Unlikely BOLD
ICA_19	81.91169167701192	18.8546490828973	1.2831982630533554	2.2040838228121347	5578	4296	0.7592991661201162	0.6645337125251807	12.142612049321839	1.0201468600486348e-30	1	14.428639476155613	accepted	Likely BOLD
ICA_20	57.219697577169036	15.897892409164086	0.3242431718518669	0.876729034577035	4529	3400	0.7021111970819056	0.5742193281041883	14.671506328864854	5.936017460321538e-45	1	14.623506700896282	accepted	Likely BOLD
ICA_21	19.666597423390336	19.850221625024357	0.2506977669423856	0.7460379605951653	2756	3069	0.5448480355819125	0.5094619055454994	-5.401440889907224	1.104164052514191e-07	1	n/a	rejected	Unlikely BOLD
ICA_22	81.64535198739823	16.219382287900455	0.5892662216982708	1.386306155227093	5084	3645	0.7567512895721654	0.6707199115655659	16.83441934161675	7.609532987869764e-56	1	19.526912978070875	accepted	Likely BOLD
ICA_23	115.2308622970019	20.10021165513269	0.6479960063049197	1.4868878405405013	4280	3052	0.7213308164228409	0.6297843891024569	14.849624245578438	2.6417241899855307e-39	1	23.657516353444173	accepted	Likely BOLD
ICA_24	27.39285757896543	14.014086462506334	0.8093494051241373	1.4005982651093267	4263	2494	0.5653735632183908	0.3669501822600243	0.0	0.0	-1	n/a	rejected	Unlikely BOLD
ICA_25	60.26530030019221	13.9724232502559	0.3264471565456029	0.6793869337379456	4389	3311	0.7209742255852447	0.5884704073789393	16.600413475612942	1.2272604416500813e-47	1	21.36587999555254	accepted	Likely BOLD
ICA_26	44.310965095612495	16.351074118769148	0.308283472019404	0.858597984189027	5042	3354	0.7275082195875262	0.5831273176761433	8.332985830959883	2.1739936428468931e-16	1	14.838876154219427	accepted	Likely BOLD
ICA_27	109.40127025087288	18.142229347699207	1.716875754182444	2.7941942066134886	6510	4895	0.7858611418630397	0.6993664418557123	8.932037051361673	5.509195430853024e-18	1	23.972666441948952	accepted	Likely BOLD
ICA_28	22.54824866156576	28.073131938126302	0.7208551845900133	0.6019624313396447	3524	2600	0.6126177562089637	0.48960831334932053	3.2299373358042707	0.001312083554549243	1	n/a	rejected	Unlikely BOLD
ICA_29	105.57127122117731	18.35723532949452	0.5357902848946591	1.1761288116045636	6025	4641	0.787276673902154	0.6721437178223245	13.345077925789724	1.1263027004950776e-37	1	11.567095168388153	accepted	Likely BOLD
ICA_30	68.45862154611655	17.99282829984441	0.3701572423788145	0.9096461509887804	5625	4305	0.7503720238095238	0.6407328098976921	17.807939231435416	1.2199736949967086e-62	1	10.277155355430612	accepted	Likely BOLD
ICA_31	136.48902022555643	28.57292864169494	9.083728431241909	4.925670938463406	6021	4530	0.7209626787582839	0.6275002857469425	5.962168409453974	1.9136446777291745e-08	1	16.16798473818186	accepted	Likely BOLD
ICA_32	58.872844452952094	14.275971544767064	0.30530375447273284	0.8249791101606748	5382	3651	0.7566147859922179	0.6405081157374736	14.182029809469828	3.6729511505072875e-42	1	15.140890076630098	accepted	Likely BOLD
ICA_33	18.85899690759215	21.07335615445536	0.14093100039536308	0.4931762457413453	2883	3042	0.5944902614493771	0.5232198142414861	0.4810808312059699	0.6306181735326554	1	n/a	rejected	Unlikely BOLD
ICA_34	29.63101414180223	16.38130167134507	62.55428715810516	42.57893681025416	7182	4144	0.5851116979516094	0.2534584980237154	-3.2082509354128237	0.0018817459872319604	1	n/a	rejected	Unlikely BOLD
ICA_35	33.04919800567743	19.876578333558708	5.917012074475949	6.837988838746857	5234	3955	0.5377441837636203	0.3132008154943935	-7.293448702097295	5.685540896592295e-10	1	n/a	rejected	Unlikely BOLD
ICA_36	28.049552441504183	12.917528663937354	0.28638047493742974	0.7474902651441819	3874	2564	0.6245899488256135	0.4244848969793959	7.612064847705944	1.1980399911552904e-13	1	n/a	rejected	Unlikely BOLD
ICA_37	77.83994908924583	16.061352044772576	0.4538203879113882	1.0436843214918554	5631	4251	0.7552185548617306	0.6495911495911496	14.347913713086784	4.194606284306379e-43	1	10.912866303580937	accepted	Likely BOLD
ICA_38	21.72322066995166	14.44139904254752	0.16378952812029415	0.43851963656818604	3332	1947	0.6457938013915243	0.5205905205905206	6.737615263370229	1.0129188137538935e-10	1	n/a	rejected	Unlikely BOLD
ICA_39	29.908329857616103	13.54835534409928	0.23359236769281724	0.6544637004143168	3335	2453	0.6282595512431777	0.5439639270342284	13.43963977154142	9.695629243320099e-37	1	18.927355711087166	accepted	Likely BOLD
ICA_40	101.57013214540834	18.403562825693175	0.935082924072631	1.5434260279808587	6328	5002	0.786046511627907	0.6877968201527979	10.470368190854492	1.855420022209936e-23	1	7.303946140463291	accepted	Likely BOLD
