rmse_mean	rmse_std	rmse_min	rmse_percentile02	rmse_percentile25	rmse_median	rmse_percentile75	rmse_percentile98	rmse_max
477.0290222167969	591.7244873046875	13.943336486816406	65.24253005981446	177.47637939453125	292.5365905761719	517.7314910888672	2429.0103906249997	15573.568359375
477.3153381347656	591.525390625	3.9120960235595703	65.99377670288087	178.53407287597656	291.95550537109375	515.9961090087891	2429.9479589843745	15582.654296875
477.37939453125	591.62939453125	2.0544323921203613	66.30956069946289	178.48404693603516	292.2732238769531	516.9226837158203	2430.472680664062	15547.408203125
477.5693664550781	591.3538208007812	13.844441413879395	67.48339813232423	178.7339859008789	292.81822204589844	514.9180603027344	2422.9235156249997	15500.7431640625
475.2114562988281	589.8917846679688	2.429335355758667	65.32507919311523	178.28782272338867	291.2169494628906	513.7643737792969	2421.0900341796873	15533.5244140625
474.2130432128906	589.4698486328125	8.122312545776367	64.3675732421875	178.03619766235352	290.0215759277344	512.1715698242188	2422.040190429686	15523.314453125
473.8202209472656	590.302978515625	6.0461835861206055	64.12266876220703	176.2749481201172	290.0135803222656	512.3444213867188	2425.1582226562496	15519.8486328125
473.87890625	589.2973022460938	4.626685619354248	63.86048515319825	177.49222946166992	290.82640075683594	511.9349670410156	2423.0872265625	15541.2021484375
474.3204040527344	589.454345703125	6.813451290130615	65.92110763549805	178.14870834350586	290.86024475097656	512.3033599853516	2427.3207958984376	15568.2109375
475.390625	589.7498168945312	7.898603439331055	65.38969940185547	178.39556503295898	291.4077453613281	514.2952117919922	2434.788271484375	15527.67578125
474.7597351074219	589.0020141601562	7.168839931488037	65.27283889770509	177.5034294128418	290.55247497558594	512.9324951171875	2428.828857421874	15546.951171875
469.55535888671875	587.5262451171875	8.438278198242188	63.110295715332036	174.84578704833984	286.9741668701172	506.65848541259766	2413.6642919921874	15509.96484375
469.75372314453125	586.7978515625	8.6316499710083	61.363430938720704	174.91746520996094	287.7731170654297	506.84835052490234	2408.1683984375	15508.421875
470.62451171875	588.3089599609375	2.8804659843444824	61.653356018066404	174.99045181274414	287.9550476074219	506.8637924194336	2416.587377929687	15539.8486328125
470.19537353515625	589.0807495117188	11.752199172973633	63.11729621887207	173.92956161499023	286.7099151611328	507.70616912841797	2412.688774414062	15544.2890625
468.1392822265625	587.7047729492188	0.8909890055656433	61.12652252197266	173.64272689819336	285.83287048339844	505.3550109863281	2411.492172851562	15519.8837890625
466.83349609375	587.1453247070312	2.455754041671753	59.26876586914063	172.55373001098633	284.8020324707031	503.73313903808594	2404.747290039062	15564.7412109375
467.5286560058594	588.1414184570312	3.152177095413208	59.525896072387695	172.44629669189453	284.9088439941406	504.7853088378906	2410.0526855468743	15554.34765625
468.4205017089844	589.1834106445312	6.6438822746276855	58.93314872741699	172.59404373168945	285.10008239746094	504.1947326660156	2418.5533789062492	15516.611328125
467.7702941894531	588.820556640625	2.872429132461548	60.28554084777832	172.27864456176758	285.12928771972656	502.7127990722656	2406.848608398437	15567.1455078125
467.4115295410156	589.0137329101562	3.734626531600952	59.26564201354981	172.5593032836914	284.5054168701172	503.8390350341797	2412.1349804687497	15533.1123046875
468.3121643066406	589.6005859375	5.541344165802002	59.26552131652832	172.0477180480957	284.94349670410156	505.3728485107422	2407.259516601562	15534.8515625
467.2735290527344	588.5184326171875	3.982933282852173	59.26804801940918	171.8698501586914	285.14784240722656	503.42725372314453	2408.637280273437	15559.3798828125
467.9690856933594	589.3458251953125	4.735416412353516	59.892155990600585	172.40436935424805	285.58497619628906	505.1361389160156	2413.925209960936	15567.9912109375
468.4122314453125	589.5989990234375	9.163151741027832	59.53697036743164	172.96090698242188	284.6778259277344	505.3268585205078	2417.1989160156245	15505.474609375
468.0671081542969	589.546142578125	3.871643304824829	60.87474357604981	172.02120208740234	284.49778747558594	504.51885986328125	2416.926665039062	15539.345703125
468.5289611816406	589.9194946289062	5.379302978515625	60.03253547668457	172.2660255432129	285.94293212890625	505.76165771484375	2414.241923828125	15533.396484375
468.2318420410156	590.2118530273438	0.42412617802619934	58.922411422729496	172.8495330810547	285.0995788574219	505.6888122558594	2406.172846679687	15534.9111328125
466.6513977050781	588.7064208984375	0.2744479477405548	58.674409561157226	172.571044921875	284.77415466308594	503.9556121826172	2413.526245117187	15575.5634765625
469.0008850097656	589.1094970703125	7.944090843200684	59.90985168457031	172.80853271484375	287.1568908691406	505.193359375	2419.1959130859373	15511.6748046875
470.3059997558594	590.9639282226562	6.164702892303467	60.089760894775395	172.92226028442383	286.62646484375	509.3075637817383	2420.9836767578126	15478.9501953125
467.9373779296875	589.8345947265625	3.1772162914276123	59.28839958190918	171.97968292236328	285.5089569091797	505.0342712402344	2410.262670898437	15553.2529296875
466.9982604980469	589.3486328125	2.776925802230835	58.179897460937504	171.29288864135742	285.3757019042969	503.5497283935547	2406.9569287109366	15529.509765625
467.850341796875	590.2298583984375	1.7912956476211548	58.305387344360355	171.52105331420898	284.52232360839844	504.86986541748047	2415.8706201171876	15525.9765625
466.59808349609375	590.4553833007812	3.267451524734497	56.36738349914551	170.56821060180664	283.693115234375	503.7069549560547	2408.4873828124996	15530.787109375
466.0833740234375	590.51611328125	0.7631725072860718	57.28404640197754	169.83221435546875	283.2147674560547	504.0323257446289	2408.2504931640624	15539.2509765625
465.43896484375	590.1588745117188	4.785591125488281	56.9822403717041	168.96782684326172	281.86009216308594	503.40794372558594	2415.3836425781246	15551.2724609375
464.6837463378906	588.8796997070312	2.935105562210083	57.06597282409668	169.82989120483398	282.2002868652344	500.6600570678711	2410.411826171875	15562.779296875
464.9180908203125	588.85205078125	2.3760945796966553	56.20044784545899	170.23365020751953	282.864501953125	500.6895294189453	2414.502700195312	15515.408203125
464.0184020996094	588.6232299804688	1.015662670135498	54.385783157348634	169.06971740722656	281.66839599609375	501.5504150390625	2407.4290771484375	15513.228515625
464.25933837890625	587.7918701171875	6.60867166519165	57.0206665802002	169.3592987060547	283.53175354003906	501.5308380126953	2406.6371923828124	15578.6904296875
466.76824951171875	589.2417602539062	4.088508129119873	56.287710494995125	170.95049285888672	283.7186584472656	505.240234375	2411.224731445312	15538.7353515625
466.82763671875	589.680908203125	5.315860748291016	56.36528991699219	170.96515655517578	283.9195861816406	505.5285186767578	2410.343974609375	15533.052734375
465.2815856933594	588.6018676757812	1.2793464660644531	57.38247123718262	170.08271026611328	282.5703582763672	502.4654083251953	2408.1830566406247	15567.3515625
466.5887145996094	589.7880249023438	3.407622814178467	57.24930564880371	170.1380729675293	283.00994873046875	504.30367279052734	2418.6369873046874	15556.337890625
468.23065185546875	590.7831420898438	2.2818799018859863	57.68168563842774	170.16042709350586	284.7091369628906	506.8818664550781	2419.1852685546874	15506.09375
466.8545837402344	590.6690063476562	1.451836109161377	57.434831619262695	170.08861541748047	283.5172119140625	504.42596435546875	2417.502836914062	15577.1103515625
464.8568420410156	589.7437744140625	2.7676608562469482	55.85383293151856	169.08220672607422	281.9217987060547	501.0935745239258	2414.6790332031246	15552.935546875
464.3685302734375	589.591552734375	5.864234924316406	55.274830780029305	168.70925903320312	282.14520263671875	502.1683883666992	2409.8920654296876	15526.6357421875
464.0091552734375	589.8045043945312	3.2296504974365234	55.33553192138672	168.45194625854492	281.78147888183594	501.8369369506836	2406.511489257812	15570.0908203125
463.9297790527344	590.1862182617188	1.632683515548706	55.888706588745116	168.32291412353516	281.43104553222656	501.49378967285156	2409.5033496093747	15561.2587890625
464.4477844238281	590.2881469726562	0.7074364423751831	55.28891082763672	168.45221328735352	281.7763366699219	502.4410705566406	2405.7163281249996	15549.357421875
464.5921325683594	590.6253662109375	2.5107715129852295	55.319350204467774	168.31777954101562	281.5761413574219	502.78633880615234	2401.18521484375	15543.6689453125
463.9559631347656	590.4686279296875	0.9851159453392029	56.379775314331056	167.98233032226562	281.7540588378906	499.37960052490234	2410.5502587890624	15589.37109375
463.1360168457031	590.5501098632812	2.251800775527954	55.11690330505371	166.78204345703125	280.45982360839844	500.1164016723633	2409.702783203125	15568.0771484375
463.9790344238281	590.0618286132812	3.8628933429718018	55.356431350708014	168.66390991210938	281.2278137207031	501.64222717285156	2410.274575195312	15556.3349609375
464.46441650390625	590.4288330078125	6.636682033538818	55.92445762634277	168.75062942504883	281.2286834716797	501.0283737182617	2405.124565429687	15587.224609375
463.8914794921875	590.5927124023438	4.597903728485107	54.30152648925782	167.7755889892578	281.48008728027344	502.61290740966797	2407.6068164062494	15513.017578125
464.54852294921875	589.5077514648438	4.669376373291016	56.248283767700194	169.71311950683594	282.26556396484375	501.811279296875	2404.982207031249	15556.3505859375
464.364501953125	588.5198974609375	2.646909713745117	56.52444152832031	170.29804229736328	282.3333740234375	500.56029510498047	2406.62634765625	15591.0498046875
463.9635314941406	589.5813598632812	4.73064661026001	54.9730258178711	169.41282272338867	281.82240295410156	501.9632034301758	2413.1135156249998	15543.185546875
464.8111572265625	590.2106323242188	5.625817775726318	54.90288307189942	169.62927627563477	281.59336853027344	501.9439239501953	2415.814155273437	15532.1298828125
464.0169982910156	589.8128662109375	2.951331853866577	55.38394226074219	168.73792266845703	281.27061462402344	501.3379135131836	2407.2172802734376	15595.9140625
463.3800354003906	589.58447265625	1.9221032857894897	53.77736793518066	169.13856887817383	281.38218688964844	500.2352294921875	2402.6725683593745	15546.54296875
463.2090148925781	589.31103515625	1.2145817279815674	54.34728057861328	168.35652923583984	280.8209991455078	501.4699935913086	2404.1316357421874	15544.974609375
462.5792236328125	589.3422241210938	2.2908849716186523	53.79385543823242	166.39971923828125	280.02052307128906	500.53819274902344	2403.1273730468747	15579.466796875
462.6714172363281	590.251708984375	1.2440779209136963	54.53167709350586	166.78388595581055	279.54627990722656	500.4262237548828	2412.9442675781247	15548.85546875
462.47735595703125	589.0018920898438	4.1948981285095215	54.05664741516114	167.2646598815918	280.3736877441406	499.96173095703125	2403.4669189453125	15555.5458984375
462.87078857421875	588.6458740234375	2.9121716022491455	53.99764839172363	168.0886688232422	280.7948455810547	500.1841812133789	2399.028334960937	15574.6728515625
463.31884765625	588.942138671875	1.7423323392868042	53.78451179504395	168.29214477539062	280.4079132080078	501.48535919189453	2410.94765625	15554.0390625
463.0306396484375	588.2698974609375	0.8024043440818787	54.83010757446289	168.43635940551758	280.55438232421875	502.26195526123047	2405.4766796875	15572.896484375
463.9429931640625	588.3803100585938	1.2397139072418213	54.85470672607422	168.31675720214844	281.6431579589844	502.1687469482422	2397.5689111328124	15584.4365234375
464.32977294921875	588.89501953125	1.9555833339691162	54.94038070678711	168.8926544189453	281.82647705078125	501.6321105957031	2397.7383056640624	15547.2548828125
463.35528564453125	588.3353271484375	2.5507888793945312	54.12161865234375	167.73383712768555	281.59388732910156	500.6662292480469	2398.236640625	15537.1533203125
463.67510986328125	588.901123046875	1.836708664894104	53.35600448608398	167.73665618896484	281.2539978027344	501.15601348876953	2407.6216210937496	15549.4326171875
464.5484924316406	589.26171875	4.149511814117432	54.88861694335938	168.81568908691406	282.6919250488281	501.86547088623047	2412.551313476562	15546.380859375
462.7057189941406	587.9336547851562	4.376131534576416	53.787853698730466	168.2913589477539	281.05039978027344	499.0492858886719	2399.23171875	15583.2880859375
462.3782043457031	588.2451171875	3.285463333129883	53.41366943359375	168.66280364990234	281.1538391113281	498.72733306884766	2404.323857421875	15553.517578125
463.6125183105469	588.6315307617188	2.783926486968994	53.76873229980469	169.13625717163086	281.8800811767578	501.1268844604492	2402.65779296875	15553.01171875
464.3931579589844	589.1972045898438	1.2743228673934937	54.76971366882324	168.97906494140625	282.6441192626953	503.0561828613281	2416.977236328125	15605.0068359375
464.7673645019531	589.8841552734375	3.9947891235351562	55.33442993164063	169.23069763183594	282.47361755371094	503.6528778076172	2418.5678613281248	15541.7451171875
463.5882873535156	590.4257202148438	2.6164474487304688	53.88989471435547	167.34977340698242	280.6876220703125	502.08882904052734	2409.568393554687	15546.5
461.95989990234375	590.2684936523438	1.3127827644348145	52.89559318542481	166.1061248779297	279.6747741699219	499.36360931396484	2409.6881396484373	15595.400390625
461.8118896484375	589.7927856445312	1.465925693511963	52.31064414978027	166.90921020507812	280.0999298095703	499.20845794677734	2405.7647314453125	15542.2900390625
462.36578369140625	589.7559814453125	1.1188453435897827	53.57756858825684	167.61183166503906	279.96397399902344	499.9543991088867	2406.276123046875	15545.775390625
462.05340576171875	590.1914672851562	3.5919461250305176	53.283123626708985	166.53303909301758	280.0063781738281	499.5110855102539	2412.8905566406247	15579.6845703125
462.23712158203125	590.5075073242188	1.6616730690002441	53.16927589416504	166.7225341796875	279.4521942138672	499.3272933959961	2406.337368164062	15576.2470703125
462.3669128417969	589.7205200195312	3.92141056060791	54.81308967590332	167.38479614257812	280.37530517578125	499.62586212158203	2400.55259765625	15559.3251953125
461.3757629394531	588.8084106445312	3.820549726486206	54.630405578613285	166.75685501098633	279.55426025390625	497.9495086669922	2397.928178710937	15570.0048828125
461.20574951171875	589.1633911132812	3.2605881690979004	53.455113067626954	167.00381469726562	279.0654296875	499.2244110107422	2406.6197656249997	15570.1552734375
461.1958923339844	589.682861328125	3.3804380893707275	53.14660629272461	166.22216415405273	279.1419982910156	499.4757766723633	2398.2283544921875	15565.78125
461.1299133300781	589.875244140625	3.669534921646118	52.90075836181641	166.58111953735352	279.2377624511719	498.1919250488281	2403.7878124999997	15561.6728515625
461.7315368652344	590.0457153320312	1.0788264274597168	52.74489799499512	166.41926193237305	278.9102783203125	499.0874710083008	2411.4672167968747	15550.58984375
461.91363525390625	589.4766235351562	2.438680648803711	52.764917907714846	166.98228454589844	278.87525939941406	499.65855407714844	2410.5819287109375	15542.912109375
461.3742370605469	589.7460327148438	3.6197547912597656	52.09382804870606	166.16176986694336	279.88539123535156	498.5276184082031	2413.749521484375	15581.0029296875
461.7869567871094	589.6398315429688	1.285895824432373	51.591177520751955	165.9862937927246	279.7715759277344	498.8867645263672	2410.895834960937	15556.2412109375
461.53570556640625	587.8717651367188	0.8272984027862549	53.56387809753418	167.37688827514648	279.9807586669922	499.09031677246094	2397.511396484375	15561.8857421875
460.3318786621094	586.6947021484375	4.362537860870361	53.13710433959961	166.96609115600586	279.14776611328125	497.43282318115234	2391.8097167968745	15585.7802734375
461.21966552734375	586.4002075195312	4.399126052856445	55.506949539184575	167.3560333251953	279.0121154785156	499.4017105102539	2391.786376953125	15580.6513671875
462.61322021484375	585.88134765625	3.33160400390625	55.59951240539551	168.5896224975586	281.2662353515625	501.41597747802734	2387.2543457031247	15565.28125
462.333251953125	585.2396850585938	1.1900913715362549	57.516649627685545	168.86154556274414	281.28857421875	501.5228500366211	2386.3106103515624	15592.0537109375
462.0494079589844	586.530029296875	6.295344352722168	55.619021606445315	167.41757583618164	280.64210510253906	500.6828308105469	2389.53361328125	15589.572265625
462.9172668457031	585.94189453125	1.357927680015564	56.28045204162598	168.70121002197266	281.93798828125	501.3170471191406	2396.2133447265624	15555.7265625
462.141845703125	584.9019775390625	3.460770606994629	57.00834434509277	168.79123306274414	281.6465148925781	500.46632385253906	2391.186103515625	15611.33203125
461.33062744140625	585.1240844726562	3.9465956687927246	56.42380897521973	167.59926223754883	280.1992645263672	499.6471710205078	2387.273515625	15579.9326171875
462.6307373046875	585.05712890625	2.253002405166626	56.06997619628906	169.14857482910156	281.7648162841797	501.16385650634766	2387.2528369140623	15548.7763671875
462.1610412597656	584.9617919921875	1.1876391172409058	54.376667480468754	167.73969268798828	281.1234893798828	500.1694107055664	2390.7768017578123	15575.90625
461.4342041015625	585.8279418945312	2.2650983333587646	54.22026298522949	167.02908325195312	280.7488555908203	500.79652404785156	2390.8663720703125	15579.7431640625
461.3907775878906	586.0471801757812	4.1364617347717285	54.44349899291992	167.94779205322266	280.1669616699219	499.7984161376953	2393.92708984375	15535.6201171875
461.1163635253906	586.5545043945312	1.9326037168502808	53.82802658081055	167.2622299194336	280.1354217529297	498.4951858520508	2403.5562548828125	15557.0732421875
461.2087097167969	587.560546875	0.8729324340820312	53.00954200744629	167.0489273071289	279.80743408203125	498.6382751464844	2398.578168945312	15583.462890625
461.885986328125	586.586669921875	3.336925983428955	56.178929290771485	167.73213958740234	280.11094665527344	499.20057678222656	2393.0099414062497	15578.0166015625
464.8927917480469	586.4664916992188	6.185842990875244	58.05459297180176	171.03998565673828	283.6721954345703	501.96630859375	2401.1592724609372	15598.060546875
466.39300537109375	588.6207275390625	4.832266807556152	57.688169937133786	172.51353073120117	284.5929718017578	503.7101593017578	2405.5720751953118	15573.9033203125
465.70703125	588.600341796875	0.7083364129066467	58.20540168762207	171.57704162597656	283.59193420410156	503.0020294189453	2402.43359375	15583.5986328125
465.5445251464844	587.0404052734375	5.139072895050049	59.1266618347168	172.00504684448242	284.83897399902344	503.0616989135742	2395.743237304687	15647.69921875
464.50274658203125	586.6446533203125	2.806023597717285	58.39378265380859	171.1145362854004	283.3390808105469	502.42667388916016	2411.584912109375	15612.7353515625
464.8911437988281	586.7179565429688	4.93245792388916	58.62952522277832	172.0621337890625	282.8968963623047	502.26226806640625	2392.9966406249996	15562.7958984375
465.1810302734375	586.0718994140625	4.659497261047363	59.21554893493653	171.2267074584961	283.52796936035156	503.8437957763672	2388.21125	15606.2197265625
465.69110107421875	586.7967529296875	6.5575079917907715	59.352361068725585	171.51514053344727	284.45050048828125	503.89298248291016	2394.1466406249997	15585.12890625
466.51220703125	586.6838989257812	5.700403213500977	59.84358123779297	172.56468200683594	285.0879364013672	504.07957458496094	2393.8708447265626	15576.6748046875
467.51116943359375	586.8997192382812	2.5222063064575195	59.57464263916016	174.26290130615234	285.10179138183594	505.2283630371094	2398.7621484374995	15554.8017578125
467.9529113769531	586.3887329101562	5.879004001617432	60.31550857543945	172.9826431274414	286.0076446533203	507.2794876098633	2395.3049023437497	15592.962890625
467.9894714355469	586.2849731445312	0.7114192247390747	61.37500022888184	173.38759231567383	286.30458068847656	507.5871124267578	2389.5544531249993	15580.8134765625
468.4395446777344	585.7745971679688	2.200545310974121	61.73666496276856	174.3606834411621	286.8770446777344	506.5132751464844	2394.128261718749	15572.74609375
468.51708984375	584.9479370117188	0.9029811024665833	62.59457359313965	174.51180267333984	287.8155059814453	507.15055084228516	2384.8004052734364	15579.673828125
468.8338928222656	585.2993774414062	7.741896629333496	62.17398826599121	175.15884017944336	286.84674072265625	508.3252639770508	2387.640517578125	15608.7705078125
469.4985046386719	584.9739990234375	6.649850368499756	62.96713035583496	175.81476974487305	288.41041564941406	508.5413360595703	2399.4535009765623	15568.615234375
470.1246337890625	584.7273559570312	8.585565567016602	63.076673431396486	175.71378707885742	288.2831115722656	510.63961029052734	2389.633686523437	15575.662109375
469.5827331542969	584.35546875	6.315591335296631	63.606088180541995	176.44504165649414	288.8661804199219	508.656982421875	2387.7008642578126	15572.8720703125
469.9862060546875	584.6602172851562	8.075750350952148	64.94481826782227	176.90103912353516	288.59120178222656	507.5935745239258	2389.382290039062	15578.8935546875
469.984619140625	584.1923217773438	9.117226600646973	65.4905633544922	177.32789611816406	288.31065368652344	508.2792434692383	2382.697939453125	15629.0869140625
469.734619140625	583.5676879882812	5.10191535949707	66.26958343505859	177.04898834228516	288.91607666015625	507.3594055175781	2382.9541796874996	15592.173828125
471.4320373535156	583.694091796875	3.0067238807678223	66.19584869384767	178.86951065063477	289.3156280517578	509.45243072509766	2387.7120947265626	15594.44140625
471.0650329589844	583.8951416015625	4.631688117980957	64.1365463256836	177.30784225463867	289.1647491455078	510.81737518310547	2386.3733886718746	15592.509765625
470.8349914550781	584.6983032226562	7.065438270568848	65.17710220336915	177.55108642578125	288.7414093017578	508.14432525634766	2383.1001416015624	15570.3623046875
471.810546875	584.6149291992188	11.642969131469727	65.2854899597168	178.1192970275879	289.61956787109375	509.8882751464844	2380.828759765625	15543.0576171875
470.9683837890625	584.16064453125	6.765634059906006	65.14590103149413	178.38217544555664	289.54405212402344	508.74961853027344	2377.4658349609376	15572.3212890625
470.0306396484375	584.6499633789062	5.006711483001709	64.89120742797851	176.7477684020996	288.34600830078125	506.98458099365234	2386.0873681640624	15564.2861328125
471.1914978027344	584.49365234375	10.728913307189941	65.4331642150879	178.0794334411621	289.1907501220703	508.63580322265625	2386.8963574218747	15588.9794921875
471.0310974121094	584.711669921875	5.089153289794922	65.05149765014649	177.8630027770996	290.0313262939453	508.5220642089844	2383.0958544921873	15586.3203125
470.9039001464844	584.9686889648438	5.242557525634766	64.62654968261718	177.59783172607422	288.67356872558594	509.75870513916016	2385.258706054687	15602.59765625
469.8056335449219	585.0780029296875	7.281719207763672	64.34341232299805	176.50313186645508	287.13636779785156	508.59716033935547	2389.796127929687	15608.3955078125
471.1946105957031	585.4091186523438	3.420881748199463	65.17613067626954	177.6300163269043	289.39723205566406	508.66038513183594	2392.2946337890626	15587.509765625
472.9635314941406	585.7947387695312	0.7625371813774109	64.84030838012696	178.57127380371094	291.4855041503906	511.33748626708984	2394.1944238281244	15579.3681640625
472.599853515625	585.3286743164062	6.1280517578125	64.99808135986328	178.89070892333984	291.4307098388672	509.90636444091797	2388.6628564453126	15614.6513671875
472.96685791015625	585.9256591796875	1.8350605964660645	64.26342330932617	178.50236129760742	291.6341552734375	509.8402404785156	2386.464067382812	15571.712890625
472.62158203125	585.5161743164062	10.297469139099121	66.52506393432617	177.95115280151367	290.42677307128906	511.02271270751953	2384.609448242187	15556.162109375
471.78033447265625	585.726806640625	1.2946172952651978	64.72101623535157	178.33344268798828	289.6937561035156	507.9705276489258	2394.224233398437	15539.9072265625
472.0667419433594	585.973388671875	7.822020530700684	64.76307388305665	177.6926498413086	290.38877868652344	510.3236312866211	2391.699965820312	15568.525390625
472.5643310546875	585.7154541015625	7.233154296875	66.92541442871094	178.13751602172852	290.61997985839844	510.1455535888672	2385.262763671875	15586.056640625
472.7921142578125	586.524169921875	2.732945442199707	64.43740692138672	177.98544692993164	290.4442443847656	511.44834899902344	2393.615952148437	15578.9990234375
472.9977722167969	586.5963134765625	6.236546993255615	65.67779113769531	177.87927627563477	290.46238708496094	510.30670166015625	2390.9901562499995	15581.4150390625
471.40185546875	585.831298828125	2.2808876037597656	65.5330857849121	176.78160095214844	289.1024169921875	508.77347564697266	2393.2347998046876	15609.6025390625
470.889892578125	585.5046997070312	11.076308250427246	64.41067367553711	176.94573211669922	288.24945068359375	508.13692474365234	2385.274106445312	15581.486328125
471.9490966796875	585.5036010742188	7.157165050506592	65.43059890747071	178.00834274291992	289.46080017089844	510.24507904052734	2394.0561279296867	15610.4697265625
472.0724182128906	585.387451171875	6.63165807723999	65.0035189819336	178.69080352783203	289.7606658935547	509.1346130371094	2391.82251953125	15588.69921875
473.5306701660156	585.360595703125	11.150876998901367	64.96362503051758	179.43915176391602	291.55613708496094	510.46436309814453	2390.009477539062	15570.345703125
474.9139709472656	585.4290161132812	6.620058536529541	65.6867707824707	180.29076766967773	293.7962341308594	514.7608947753906	2386.4530126953123	15565.1025390625
474.83502197265625	585.1463623046875	8.386970520019531	67.21346069335938	180.36573791503906	292.74554443359375	513.9435729980469	2388.456801757812	15564.6376953125
