Component	kappa	rho	variance explained	normalized variance explained	countsigFT2	countsigFS0	dice_FT2	dice_FS0	countnoise	signal-noise_t	signal-noise_p	d_table_score	optimal sign	estimated normalized variance explained	classification	rationale
PCA_00	30.018559057449565	16.328793746065536	60.61219589973304	37.727961002331575	7274	4187	0.5841068917018284	0.2649281013892274	1153	-2.7083662954647147	0.008193777551156552	36.1	1	40.97341983413714	accepted	n/a
PCA_01	63.568480410065014	23.568814603597268	7.122829196842037	7.75560032619917	8580	7001	0.6845205562640433	0.5387263339070568	1066	12.881057149934641	4.3945809500391115e-28	12.8	-1	8.502979315064913	accepted	n/a
PCA_02	109.52855232360908	29.969473126200782	8.388737967126774	5.81832207915878	9385	7228	0.7485613103142984	0.6352892102335929	208	1.5466247070988575	0.12300340114941274	11.0	1	6.364462273566571	accepted	n/a
PCA_03	109.70802190352566	19.82950179899234	4.020257529292198	4.8971854834560355	9949	7721	0.7555901426718548	0.6113006687593832	797	11.28781233245802	1.8016848278844448e-27	5.4	1	5.328454311919847	accepted	n/a
PCA_04	66.5473676630092	25.41621040658732	2.5078517285106527	3.1733792044612033	10024	8178	0.7285254937988057	0.6231589639410868	752	3.1192653112323794	0.0018710442403421965	11.6	-1	3.6927227654221344	accepted	n/a
PCA_05	130.26179886881533	21.308434420322374	2.059700083693885	2.8209288482731134	11095	8675	0.8047929483059407	0.6943486020226056	517	6.241550430002086	6.638492593799377e-10	4.6	-1	3.7813842227633683	accepted	n/a
PCA_06	65.30896023695485	20.43685170619159	1.4582710913262549	2.2078116842905593	10126	7851	0.750974140984768	0.6191274043294686	782	-0.5507432261778507	0.5819446088794642	14.4	1	2.6614896426934824	accepted	n/a
PCA_07	40.390801939777305	24.092220344564044	1.3704472904440668	1.8872375935456438	7996	6012	0.6493076260518121	0.5107628723953849	519	-1.1725439561921924	0.24124075130952205	22.4	-1	2.2422906680899293	accepted	n/a
PCA_08	86.60071154079863	22.62167744081777	1.6571149447002478	1.7262229822118742	11418	9275	0.7936836422530142	0.6971862438588655	569	9.570857941873467	7.064900135054108e-21	3.4	-1	2.9885564457789937	accepted	n/a
PCA_09	51.73143063852718	24.21054467669282	0.9236941693051122	1.573573788571007	8317	6797	0.646396539660327	0.5239272073691306	1061	8.906649647368642	1.7754410978485384e-16	18.0	1	1.7185866349578582	accepted	n/a
PCA_10	39.9688496684383	22.353230025218487	0.760596064916273	1.3890278091826826	7675	5780	0.6535535604139538	0.5184786508790814	857	5.707177312214202	1.718942170125269e-08	19.8	-1	1.561194274675215	accepted	n/a
PCA_11	51.36043658135114	20.68187278256764	0.7608872435388537	1.286585992464102	8054	5868	0.7122947065366747	0.560515172900494	950	8.592486691201744	1.4902009519406874e-16	13.6	1	1.406497831186782	accepted	n/a
PCA_12	40.93115027699568	30.484477799164317	0.6422274117461962	1.120833715127344	7898	6430	0.699632306326867	0.5693737373737374	1172	1.8717920506013845	0.06673913569567642	25.0	1	1.219082653978673	accepted	n/a
PCA_13	82.49393382968019	18.856429196345225	0.5764794185076	0.9368634881200899	8419	6535	0.7814282172080337	0.6725155279503106	665	10.319086768778973	6.645326847237394e-24	5.2	-1	1.037419582467775	accepted	n/a
PCA_14	66.38140581126018	20.579667625621877	0.5949619142017081	0.8681900852972326	8748	7550	0.7672064777327935	0.6727597854162527	919	9.067273608907675	1.8658161010302936e-18	8.0	-1	1.2462734650980447	accepted	n/a
PCA_15	51.4865713982898	17.982405327379087	0.4098349115238499	0.7841520057956025	7315	5592	0.7571260956587756	0.5983742841307962	1000	10.63210154249222	7.279929521625327e-23	12.2	1	0.8517881080769192	accepted	n/a
PCA_16	62.51170757107221	18.082466594495486	0.43953876459369295	0.7567094376569341	7788	6118	0.7589668094218416	0.6310798659364015	760	9.729269700052134	2.4253450086760998e-21	8.8	-1	0.8704180914707802	accepted	n/a
PCA_17	62.248099743679866	16.91608342516244	0.3455735818431747	0.7012615259923519	8052	5841	0.7900323624595469	0.6420670584168683	785	4.603024927593089	4.77617360221492e-06	11.8	-1	0.777288773793607	accepted	n/a
PCA_18	39.988475231969495	18.99898522889142	0.3362847286616049	0.650761037401757	6274	5057	0.7008840864440079	0.5557632398753894	996	10.291162790843902	6.651081650764292e-22	16.6	1	0.7156599534210412	accepted	n/a
PCA_19	44.93496774512329	17.481900847069642	0.3950834547425973	0.6182584217760148	6925	5384	0.7524250760098451	0.6064392119173474	830	5.767932000513539	1.1218516897015495e-08	15.2	1	0.759650548401916	accepted	n/a
PCA_20	48.32995702831503	17.495030932773048	0.47210096446356037	0.5746108912793355	6857	4850	0.7593559297110507	0.6024377318494966	948	5.8058185390927255	1.2291035967893756e-08	15.2	1	0.6832582379911584	accepted	n/a
PCA_21	39.92200785283127	16.472779135173393	0.2465523321259322	0.5124755803382175	5912	4783	0.7268615170494085	0.5805107968869889	897	12.83410894161079	2.2395353320709313e-33	14.2	-1	0.580999482309068	accepted	n/a
PCA_22	28.885071572342053	16.721489410871154	0.19261377547470807	0.4851693576507952	5347	3917	0.6668627450980392	0.5252578682888125	941	2.6188227786664	0.00909805002322783	25.0	-1	0.5307265327829735	accepted	n/a
PCA_23	35.65033812520695	17.76165373246741	0.24991779807746867	0.47214079322323593	5200	4094	0.6920597714620569	0.5444266928843554	1044	6.985482525144257	2.8668055162677586e-11	21.4	1	0.5126899876893094	accepted	n/a
PCA_24	45.16683343869938	15.108933960492111	0.23639247745487088	0.43652284359505766	6544	4653	0.7480106100795756	0.5980758347481607	926	12.744958061536142	2.125159765603613e-32	13.0	-1	0.5381113692686645	accepted	n/a
PCA_25	30.475572289068488	16.087145090936254	0.15639343990947013	0.3931061524222299	5013	4097	0.682614006514658	0.5743259955478605	1034	7.896022490818541	8.861129673783979e-14	22.0	-1	0.4362996742534195	accepted	n/a
PCA_26	26.1232647261393	16.540169267284313	0.18568230266377014	0.3804024808129748	4886	3973	0.6909924937447873	0.5554968287526427	964	-1.8724754386809144	0.061778536989729925	29.0	1	0.41957229032367416	accepted	n/a
PCA_27	23.10579328837325	15.597896051892922	0.16469378317234643	0.3628021813838346	4395	3263	0.6659762973190657	0.5039522503629618	1063	3.2958527121498062	0.0011360940894731524	29.2	1	0.3945649924651743	accepted	n/a
PCA_28	32.009055171297476	15.25167963592826	0.18238343401986012	0.3601240052731332	5270	4179	0.699566265060241	0.5768390386016023	1075	6.907798488503234	6.998922195960277e-11	22.8	1	0.42794594644758677	accepted	n/a
PCA_29	21.33064403717973	14.443499891809918	0.17855009756926798	0.3501640272292149	4332	3421	0.6454841713221602	0.4971046770601336	1047	1.148039277242096	0.2520627991435168	33.0	1	0.3903990625089201	accepted	n/a
PCA_30	27.562839993832707	14.14572320152021	0.19370522016761785	0.34174389681826484	4441	2840	0.6774522004751669	0.4785496320229761	1068	5.272572311554276	3.5233425831443527e-07	26.4	1	0.3824277453049721	accepted	n/a
PCA_31	21.180901514018352	14.736590331582361	0.1342376755404482	0.33253645399259535	3920	3226	0.6380611839491458	0.47393822393822393	1165	1.1544557398734385	0.252760351599463	37.4	-1	0.3648273984074026	accepted	n/a
PCA_32	23.937028788158653	14.67808789902876	0.12671407432782364	0.3100240931451859	4369	3217	0.6735776277724205	0.5464308275426406	1201	-1.4188452742714224	0.17076572778121923	36.8	-1	0.33676062053667577	accepted	n/a
PCA_33	23.207060415362132	13.266736372763196	0.1199457480300136	0.3003567841883247	4011	2927	0.651414204902577	0.46530612244897956	1182	-0.7047371197586944	0.48465553387657845	37.2	1	0.32621459985539214	accepted	n/a
PCA_34	25.428085965433176	12.51623392717028	0.12265066714845241	0.2952251039912323	3989	2697	0.6325699745547074	0.5014880952380952	1081	12.773146608549112	9.031112239201642e-27	26.8	1	0.320654995729903	accepted	n/a
PCA_35	21.61841361739065	13.074407491320086	0.12568793664737857	0.2821884059551098	3514	2586	0.6133612315050068	0.4745497259201253	1171	8.099050359988361	3.231366949420205e-11	34.4	-1	0.3083558327287807	accepted	n/a
PCA_36	22.098395092878757	12.240178652978505	0.10828303604305468	0.27687458694259504	3915	2657	0.682359164242264	0.5017182130584192	1130	1.9803718449685257	0.05011051823225021	32.2	1	0.30164697339698987	accepted	n/a
PCA_37	22.886049106497897	12.502199708029824	0.10641108840207336	0.2730553160864952	3636	2658	0.6456715559390279	0.49830508474576274	1134	7.899014085235477	4.190057896689479e-12	31.0	-1	0.3090329133750245	accepted	n/a
PCA_38	18.499485004807873	13.132928479889847	0.1465504459255305	0.27175814011534544	2821	1928	0.5725646123260437	0.4435757101902528	1097	-1.2230834192656113	0.22276299941148656	42.4	1	0.29521854625641547	accepted	n/a
PCA_39	18.63468211419274	10.662260146131203	0.09508434396525392	0.25585796416887563	3029	1856	0.6156666666666667	0.4767665658509761	1055	3.0921693532290484	0.0022271834550471386	35.6	1	0.27783173240950915	accepted	n/a
PCA_40	17.313383168646325	13.443671974654439	0.08802154814289012	0.25425707978903495	2801	2207	0.5844250363901019	0.4537272097853681	1095	8.497445270852769	1.333346353563142e-14	35.6	-1	0.27630867385812385	accepted	n/a
PCA_41	18.07594169676656	10.616342917088447	0.1080831041750114	0.24962991405174328	2541	1860	0.6313483369846644	0.4745945945945946	1176	-0.005442686939377527	0.9956785863589024	43.2	-1	0.27109201468363947	accepted	n/a
PCA_42	19.548341158488334	11.603266061048211	0.10357674853199829	0.23523144616851532	3481	2178	0.6762043795620438	0.5138504155124654	1222	0.0	0.0	38.8	1	0.25961078938407545	accepted	n/a
PCA_43	16.988627356281285	11.799982987166205	0.08461838894226385	0.23273096184204617	3010	2385	0.6433949349760438	0.5114273393704183	1177	3.603492460575437	0.0007044422581599732	39.2	-1	0.25440299187842275	accepted	n/a
PCA_44	17.191803776250715	10.392237508304756	0.0835783412654603	0.2298474281688506	2828	1713	0.6413655347739241	0.46714031971580816	1187	4.9474043944450905	1.8210874400260463e-05	39.0	-1	0.24988814676254606	accepted	n/a
PCA_45	16.61327145108741	11.163521506863894	0.08167874276198599	0.2262238789800401	3059	1947	0.5967036663303061	0.4648620510150963	1153	3.653633645690306	0.0004808965373869049	39.9	1	0.24809765062736214	accepted	n/a
PCA_46	16.686245797711553	10.537760049405117	0.07770978979678302	0.22474188878964502	2803	1679	0.6523697963597045	0.4734961286480048	1123	4.9184782178820186	2.94275853883389e-06	36.2	-1	0.24474142380103972	accepted	n/a
PCA_47	17.294358163062547	11.149278279669332	0.07712350648878802	0.22048143996770472	2313	1545	0.5634427684117125	0.43098311817279045	1132	7.477822736032391	3.2614311515978676e-11	39.2	-1	0.2395564565459387	accepted	n/a
PCA_48	16.84625482157498	10.153126245571501	0.07895888585859703	0.21385856085342	2400	1592	0.5690537084398977	0.4020163831127914	1149	1.1497095657792435	0.25346075983467403	44.0	1	0.23285625977990093	accepted	n/a
PCA_49	15.835507834797886	9.665729171404733	0.08337718030819449	0.21245415081813018	2597	1548	0.6260194174757282	0.48057460006529545	1222	0.0	0.0	45.8	-1	0.231528218462464	accepted	n/a
PCA_50	14.910235775069337	9.943498378107048	0.07270724572822512	0.20449644319855648	2402	1495	0.6143069412014435	0.39779005524861877	1199	-1.4733280072849981	0.1540929781213591	47.8	-1	0.22448750719401322	accepted	n/a
PCA_51	14.13847150180257	9.211833935638596	0.06427827766536874	0.19751941998247788	1924	1368	0.5606340819022457	0.42050130939019825	1222	0.0	0.0	49.8	-1	0.21654859010212887	accepted	n/a
PCA_52	14.486549525607161	10.221214486255587	0.06917020395570368	0.19347518414515866	2082	1261	0.5610791906070447	0.42698412698412697	1222	0.0	0.0	49.2	-1	0.21372294591435656	accepted	n/a
