Component	kappa	rho	variance explained	normalized variance explained	countsigFT2	countsigFS0	dice_FT2	dice_FS0	signal-noise_t	signal-noise_p	optimal sign	Fstat nuisance model	Fstat nuisance Motion partial model	Fstat nuisance CSF partial model	pval nuisance model	pval nuisance Motion partial model	pval nuisance CSF partial model	R2stat nuisance model	R2stat nuisance Motion partial model	R2stat nuisance CSF partial model	Fstat task model	pval task model	R2stat task model	Var Exp of rejected to accepted	classification	classification_tags	external regressor correlation mot_x	external regressor correlation mot_y	external regressor correlation mot_z	external regressor correlation mot_pitch	external regressor correlation mot_roll	external regressor correlation mot_yaw	external regressor correlation mot_dx	external regressor correlation mot_dy	external regressor correlation mot_dz	external regressor correlation mot_dpitch	external regressor correlation mot_droll	external regressor correlation mot_dyaw	external regressor correlation csf1	external regressor correlation csf2	external regressor correlation csf3	external regressor correlation signal_checkerboard
ICA_00	55.264918496558224	17.407283252609787	0.3862004554554318	0.6465243517068832	3401	2544	0.6695652173913044	0.5266679787443417	13.59439292982348	1.1254555720137554e-37	1	5.4671660089254965	5.520484471582777	4.4932921756739885	1.1777451014438613e-08	1.0732861221995905e-07	0.0047984786598951	0.3644656010565998	0.3165932569955915	0.0861444731821102	14.62634379703634	0.0001886922922542	0.0852220205444294	15.241114159256398	accepted	Likely BOLD	0.13841323230385713	0.03333093897609107	-0.20136266893327184	-0.017895257480340376	0.1747703501901201	-0.07594931512911435	-0.03823223764994627	-0.15972014006645882	0.13313986222748692	-0.06638078311189204	-0.007074280555767845	0.2359934978831372	0.1813842266147453	-0.02170736663603906	0.05894339484354687	-0.29375088377860376
ICA_01	72.80472867027567	15.429031066206822	0.6118699674138993	1.3623770075044528	5585	4239	0.7587555886736215	0.6260035949670462	15.54368860202792	1.5670137420817514e-47	1	3.923728562454416	4.0096237161992425	3.2286732615137153	6.965623411070432e-06	2.367501990818699e-05	0.0243684839185144	0.2915739403474542	0.2517613091189737	0.063437502648961	0.1535521640066989	0.6956950183588424	0.0009770836350326	28.92483126164864	accepted	Likely BOLD	0.022751648284762425	0.030032177357321055	-0.0875919061109923	-0.07563345584364632	0.06817083264241096	0.0035787532894837825	0.014098644300622628	-0.20415102998432794	-0.12806976684846322	0.21249059564198236	-0.2849085896014281	0.27205627284085554	0.10899963891844736	0.0723352960016048	-0.17226803974121915	-0.04724008983081408
ICA_02	129.03669129751214	17.191404687592566	1.129469636571356	2.060074399711272	5814	4415	0.7761432116270826	0.664314171883893	12.522087052738511	1.8296598197265843e-31	1	4.372110989296528	3.689023253904277	3.3556934978024	1.0641524421650672e-06	7.54451541988832e-05	0.0206990887854573	0.3144172086742536	0.2363896292109149	0.065769076283132	1.7298182836924596	0.1903517460828563	0.0108978785611711	20.53108408545676	accepted	Likely BOLD	-0.05945139597630049	0.1277319775731007	0.02115725555158546	-0.08419072422798805	0.09534847708450261	-0.16380537836343598	0.04803935041680649	0.01904006251117729	0.07188104367451455	-0.23913777166982364	0.17623698644592123	-0.10704708571332801	-0.13372849343110446	0.051205257539457004	0.20314345189950603	-0.10931834569202684
ICA_03	21.57021265467941	24.112470155746916	1.0536177886188711	1.7186711213434114	2799	2356	0.4101995565410199	0.348832132722113	-0.9571582939749468	0.3387119559931053	1	6.293540037246312	5.394772548603629	3.9512033496408208	4.385539709161889e-10	1.6700237637223839e-07	0.0096259678606809	0.3976489790425244	0.3116305052121223	0.0765471986424958	0.157365459889134	0.6921324371213651	0.0010013241150271	n/a	rejected	Unlikely BOLD	-0.09975427490312018	0.13849484385849054	-0.23263418796813187	-0.12379861008913888	0.18214482501765422	-0.15661587317224754	-0.10080079732780406	0.08043094633365505	0.02730720182500338	0.04233319745484518	0.09062599576145058	0.06417444390975098	0.06173682104101644	0.11796321025157629	0.30778479838755174	-0.04604974960375181
ICA_04	30.099199444190376	17.64150724717666	0.2423364511092262	0.7224709753770489	5097	3830	0.7411926786065736	0.5901683501683501	7.085826641460642	2.5042538099466535e-12	1	4.227401918784974	4.35575618240043	2.052243203891156	1.948369856008547e-06	6.790379872612107e-06	0.1092590245851622	0.3072075613208396	0.2676771752308629	0.0412769147439903	1.8320608193481012	0.1778297930587161	0.0115345781569367	n/a	rejected	Unlikely BOLD	0.08335181557009731	-0.29201298307005824	0.02736815973479242	0.3224351135694697	-0.2811235459906432	0.2637904547327887	-0.08845600180868124	-0.09439047611132959	0.03436791158771037	-0.20013390876012024	0.24927107831618098	0.025705105638763312	-0.027450853117780293	-0.26555618062594144	-0.16582200449600976	-0.05389260163904151
ICA_05	21.71739048702721	14.71103061483157	0.1641329401162028	0.4141713557473725	2648	1781	0.501195219123506	0.3211465340742907	0.0	0.0	1	2.295943050052935	1.336768343276476	1.5320303858954307	0.0060064005612275	0.2040970690533343	0.2087933943174431	0.1940898982863814	0.1008620287701709	0.0311396536428325	0.1723410570527	0.6786063287010873	0.0010965100850036	n/a	rejected	Unlikely BOLD	0.17750070430381	0.008901474723173328	-0.09910513304557803	0.002189366030840201	0.023082200941364463	-0.02431227865518763	-0.13331905005031489	-0.07830419749518325	0.046084237249468286	-0.04400208141484418	0.024567809718829235	0.02286849343147559	-0.06792628437982628	-0.022344029512413592	0.22816480517041757	0.04529157268517261
ICA_06	64.53611742905849	14.831323493272086	0.2563620842677241	0.7564724505744137	4699	3072	0.7584587469313694	0.6367470895900118	15.604168466757637	7.049411899926587e-50	1	1.400491240476357	1.4373530596119188	2.2527331438992246	0.1545338426841256	0.1555499412736014	0.0848126121536779	0.1280879559592551	0.1076344867743034	0.0451274084313492	5.016209669141901	0.0265155324320919	0.0309611592530503	19.4644974794874	accepted	Likely BOLD	-0.11087604959498316	0.11417947854742781	0.1562020996714873	-0.10162606332981879	0.07584937522163838	-0.12177544147274705	0.10524241914692256	0.10999750087611293	0.013411211205584262	-0.10995645525225868	0.11599526657476725	-0.13411138692098284	-0.08204125659960447	0.0761978150844098	0.029910547811248748	0.1593291604514025
ICA_07	30.189938925170296	25.139357675982428	1.162960061871986	2.209477318837908	4198	3654	0.5417326672352869	0.4324861564674144	3.5772629988575257	0.0003621879292891	1	19.87261823364476	14.9799742179612	59.67943834912128	1.1102230246251563e-16	1.1102230246251563e-16	1.1102230246251563e-16	0.6758025901110798	0.5569459131427318	0.5559534585846773	1.9250971716603584	0.1672620906376464	0.0121132357690554	n/a	rejected	Unlikely BOLD,Fits CSF external regressors,External regressors,Fits motion external regressors	-0.14061593287233348	0.10524563557144875	-0.2589289006741925	-0.07259512299411071	0.10411895933375606	-0.13911286219963467	-0.15740174324859638	-0.04580703495185006	-0.11479020101155105	0.060231353571320596	0.007510564811504032	0.10054336605071305	-0.2621015011824765	0.23664351909527695	-0.2825197221201651	0.08245445516858237
ICA_08	109.5453325054324	16.096554583270514	0.7190015168931613	1.503161160010169	5587	3861	0.7657057000657339	0.6329583057577763	14.086802235445974	2.090756000188098e-40	1	3.822548301000659	4.520585237539249	1.4749083528047908	1.0660130266404444e-05	3.753228055791702e-06	0.2239204151989197	0.2862071112680443	0.2750207433629787	0.0300134530124519	9.975404304642232	0.0019031067992439	0.0597417586511266	30.55451284027717	accepted	Likely BOLD	-0.04041700439534432	-0.08935351910307616	0.2854251583827193	0.0481342914490687	-0.18844051256274255	0.13139080707498862	-0.11897050436012557	0.08876383842666422	0.31049690010918873	-0.1278910515752701	-0.06930917341914081	-0.09202976033618142	-0.0019333448144404526	-0.08879136199907595	-0.008210345640165448	-0.22892674816059183
ICA_09	40.632262671059166	14.7959560044503	0.1547812538254132	0.5871547129116038	3122	2382	0.6326083291181925	0.5369244135534318	11.29681654338599	3.7706008429794105e-27	1	2.5875653115491866	2.9413565472162495	2.264266574445279	0.0018553097834608	0.0011092683768997	0.0835821018461662	0.2134796591704579	0.1979641911225397	0.0453479722381983	6.813199295997703	0.0099246190402154	0.0415912717978652	17.15672300722225	accepted	Likely BOLD	0.16282898909709861	-0.08991434926885887	-0.17699842473203053	0.11820191767730788	-0.04497046539184903	0.074481937925409	0.1895893944209887	0.21881538656439742	-0.09211963303648538	-0.09687697087720418	0.1766034048031063	-0.18358688138739362	-0.09653703602846846	-0.07966563774009537	-0.13764493583887155	0.21556191699286525
ICA_10	68.8865064867583	14.920832366866971	0.2203534938183913	0.6647485801657909	4035	2571	0.6670119109269809	0.578698224852071	15.9097365153097	2.604271310618833e-50	1	2.6108195231644697	2.742579782025552	2.731048160692125	0.0016872096712424	0.0022428541208593	0.0461218679598208	0.214985726383338	0.1870887287163538	0.0541899205161888	1.74365798601247	0.188597725558419	0.0109841111647188	18.691609409329267	accepted	Likely BOLD	0.15002932893033494	-0.06482485814827496	-0.16504367329522765	0.04490500701942838	-0.02910653035649071	0.06951123889408442	0.07047284831585421	0.17494741122967442	0.043317798853428825	-0.13373687262981718	0.11500592065798873	-0.12425070639766786	0.09803596316212464	-0.08934493733874745	0.11211781776296129	-0.08549552581395575
ICA_11	27.57019924002108	13.278031042139634	0.1972491684728028	0.494489030408907	3647	2836	0.6709788702026735	0.5122218168551623	8.835478741606526	4.9322111759416243e-17	1	2.0410737738062092	2.213481376233489	0.9782927949726246	0.0162236985196334	0.0139193484760664	0.4048728927094007	0.1763436999332083	0.1566495531054026	0.0201108769705953	0.2852229918106554	0.5940535300627268	0.001813412515081	n/a	rejected	Unlikely BOLD	-0.1084212037579683	-0.06586273791849967	0.04383381959018256	0.07588331136222633	-0.059854248843445056	0.044605521910656504	-0.021064846579796667	-0.015079855624852924	0.13640440286777283	0.01820944223701279	-0.0840935164709521	-0.03681112219996655	0.04841705031651721	-0.05581281462504638	-0.07485828899692053	-0.03681986199312512
ICA_12	50.703432867746905	28.08253124329712	0.9481407954567012	1.6873434415768522	6594	5797	0.6240134855566624	0.4632425189816883	7.125613695409567	8.249456601457817e-12	1	10.402074909801865	5.197097903796041	37.551265385868206	1.1102230246251563e-16	3.357032800632709e-07	1.1102230246251563e-16	0.5217889086060649	0.3036794086069121	0.4406498078681224	0.0145504547199714	0.9041420900359664	9.266946711516956e-05	n/a	rejected	Unlikely BOLD,Fits CSF external regressors,External regressors,Fits motion external regressors	-0.13608861668164376	0.08648252680568246	-0.07113731524274222	-0.08358824104515937	0.06937433822407073	-0.08898164625360734	-0.15203171905025242	-0.03286390856752662	-0.2151631425406117	-0.07007963210509892	0.0796504704474313	0.017814275615166547	0.47311254603321806	0.1087049322158373	0.1407802889936151	-0.02700079680953806
ICA_13	99.61818386504255	17.15948118188647	0.5090308856918285	1.1537053173847125	6449	4780	0.8149267982176958	0.680073921078378	7.571209470549793	9.887753782600296e-14	1	1.6624995597486487	0.9692991754520908	4.205457540233748	0.0649609717066497	0.4809596581724749	0.0069431397288527	0.148492709352238	0.0752213056691383	0.0810735554892565	0.8069018650457404	0.3704133281062562	0.0051132229041274	17.16516253363345	accepted	Likely BOLD	0.03951950887515404	-0.054584992337786784	0.10575768330438587	0.027882407619079324	-0.028854832137403936	0.04645684240156939	0.04708958075868222	-0.08158889464543889	0.010200578270628948	-0.04843341873003798	0.14943263214339036	-0.05898745424195373	-0.059751179001084384	-0.009310531242978927	-0.14477420765934373	0.08113131531903844
ICA_14	40.42629339626798	33.65931020259772	0.7390172806627419	1.3490418245477342	6980	6253	0.6748403200939725	0.5472753066844697	3.7900078897933014	0.0002882983490218	1	11.286144740474962	5.921782330950201	27.785170437584004	1.1102230246251563e-16	2.6448948364787842e-08	3.2307490016592055e-14	0.542095469466805	0.3319673325714205	0.3682504164768533	0.0836412464849853	0.7728037797447755	0.0005324631248758	n/a	rejected	Unlikely BOLD,Fits CSF external regressors,External regressors,Fits motion external regressors	-0.12563381077427013	0.16211901124798717	-0.10727841780830169	-0.1489990245196982	0.1329501238870301	-0.16776897158072251	-0.04907469861148854	-0.1564178595687895	-0.37339775338917064	0.04097427202903483	-0.1126184707612069	-0.06762833819134459	-0.39353697303534374	0.15675040210040542	-0.12399462130482618	-0.0509090584120016
ICA_15	67.9675817531843	17.284005720302105	0.4077236201649749	1.7242371626863866	5917	4022	0.7335992531613341	0.5767107459237386	6.06110457692221	5.305808336400032e-09	1	1.8668055573741744	1.207838941519234	5.3186074564600645	0.0312170498687245	0.2831437724275993	0.0016698564376096	0.1637528783878103	0.0920292906702627	0.1003789740542009	2.489199095054034	0.1166428116401073	0.0156073208040281	18.55239038838159	accepted	Likely BOLD	-0.039757129476801184	0.009962490211003278	0.06559291511007016	-0.03070211708759586	0.023839251514870305	-0.0013342514837310063	-0.0006781080306206944	-0.08064596692584156	0.13056929231249734	0.08346897851221118	-0.05445019527523279	0.07932061528520452	0.18398275093738548	-0.019217091699593188	0.25332019265305145	-0.12332944267826819
ICA_16	24.59513702708452	28.48610426541056	0.7780967246979702	1.660663673684275	3921	3817	0.5049384386415912	0.4978292329956584	-1.431761294604621	0.1524903957575169	1	13.940320746135864	3.636021177573436	38.00599992315552	1.1102230246251563e-16	9.137496556199665e-05	1.1102230246251563e-16	0.5938709286139012	0.2337873179213859	0.4436187343755515	12.512078149025704	0.0005318707497156	0.0738123105188161	n/a	rejected	Unlikely BOLD,Fits CSF external regressors,External regressors,Fits motion external regressors	0.0025393773454407296	-0.09843480068938477	-0.09061246111423768	0.12263585412336395	-0.1347901330171065	0.07346165288217976	0.12422875182519401	-0.016181843242635892	-0.04880879944997523	0.040715612879859066	-0.03448222365854536	-0.1377552726884605	-0.32286442372281876	0.03723756220455316	-0.6510628594395294	0.27112915179982966
ICA_17	126.83835875937106	19.700889124606057	2.1777096965688183	3.290688574256088	7647	5922	0.8077606230359339	0.70082001859836	5.281919994404763	1.6703292884519286e-07	1	14.443060845563268	14.764828550805904	13.349287450356687	1.1102230246251563e-16	1.1102230246251563e-16	9.893820174244895e-08	0.6023866949216106	0.5533733559705848	0.2187835565883948	2.760439119384999	0.0986172634188213	0.0172786149975601	n/a	rejected	Unlikely BOLD,Likely BOLD,Fits CSF external regressors,External regressors,Fits motion external regressors	-0.24156861239526467	-0.0895822472052963	0.5359450690447802	0.08204637246188613	-0.20628571409003965	0.10868162772768454	0.17102465226541402	0.22380725836870696	0.07392004208760908	-0.14480434229272815	0.1971442579146871	-0.22504205960084664	-0.31336431115322744	-0.0775290264361107	0.03723614247578066	0.1509206212250958
ICA_18	20.133624035926644	15.149976572189276	0.6883086316097098	1.0022438275925325	2695	2197	0.5626512753677155	0.4058434147454919	-6.578293333942383	9.147348914247191e-10	1	24.29829915253296	29.70486852319506	3.567899971598913	1.1102230246251563e-16	1.1102230246251563e-16	0.0157571480195395	0.7182124351428789	0.7136898816368178	0.0696385312827874	3.546195447567586	0.061531743764865	0.0220883181795842	n/a	rejected	Unlikely BOLD,Fits CSF external regressors,External regressors,Fits motion external regressors	0.0908673171562947	-0.12073602773962448	0.2647207522167009	-0.020016953766389057	-0.17699248922927627	0.22692442462951487	0.022857775412919938	-0.1558883181565103	-0.06914312852257573	0.051739135924413725	-0.048368743126836956	0.1419439457636655	-0.0024854545380886355	-0.048829595448945565	-0.06648196584595692	-0.13429440994819075
ICA_19	82.84044943580842	18.73152286953409	1.3444884514418811	2.228745400385995	5427	4121	0.7631797617948481	0.6623650576994664	11.926364659771636	1.5731438446261836e-29	1	3.9544911043205473	4.028770787428779	2.9080935505366505	6.12080861817077e-06	2.2092466996914695e-05	0.0367682869902763	0.2931896928670585	0.2526597842816802	0.0575008865696499	3.962467396621149	0.048261035974733	0.0246173375738418	24.159548460577007	accepted	Likely BOLD	-0.046041527236731127	-0.02196973396850842	0.387700663116579	0.006133838900846516	-0.08733287783240154	0.021257970259717016	-0.0038757058898742287	-0.006711188025307249	0.16462663932994195	-0.13782787033327618	0.0448929424799254	-0.011777230636611527	-0.13778361395325595	-0.07149491969327805	0.15183291094593362	-0.13738604451382969
ICA_20	58.41902231656423	15.95699147409921	0.3408202941575097	0.8901492739490415	4366	3213	0.7018027328051442	0.5607182233422586	14.669316131506273	8.136331639146897e-45	1	3.649970790253703	3.8201889803325937	2.678270507025333	2.2041696836061497e-05	4.695536984844484e-05	0.0493409810577485	0.2768631259688019	0.2427542748071808	0.0531984079707	1.0218575923942648	0.3136341620453571	0.0064665585379338	24.68488403261072	accepted	Likely BOLD	0.15484865381008014	0.008174435614094677	-0.34995607425188524	0.016639609186945962	0.09848714518455179	-0.03705799277915341	-0.10726359035061248	0.051055772347232346	-0.041317517109691164	-0.013073235255959355	0.04049751302679141	-0.1043013907144838	0.11234092759091217	0.02429516759643679	-0.13700001978025406	0.07115090671901846
ICA_21	20.05959425887862	20.161285460404493	0.2682378492120069	0.7615040989032863	2683	2995	0.5424899290235948	0.5173876166242578	-5.572052353271611	4.8965733418374984e-08	1	2.6033678607220128	1.3200029204508636	4.736469397290695	0.001739378838604	0.2132691469725334	0.0035135387848451	0.2145037452184423	0.0997231903208903	0.0903852279281509	0.0058523547101882	0.9391181695574344	3.727475519166301e-05	n/a	rejected	Unlikely BOLD	-0.025101114725850734	-0.026187154719995973	0.0966197885299834	0.041417372687271234	-0.04017114737437413	0.016764481689776286	0.11165682540652119	-0.08929863304898669	-0.0923396356063041	-0.01577157503090888	0.030031122114477705	0.0030473342749162834	-0.11528186898548945	0.006637686706995942	-0.35379278263542036	0.004177056263800628
ICA_22	83.02080649687403	16.32772390103964	0.618495961951541	1.399664395004877	4881	3393	0.7588315933776231	0.6687527939204292	16.302468297583523	1.8595721187581856e-52	1	4.715558065072921	3.965081190790028	5.810923233479421	2.552559543733679e-07	2.7809931910760533e-05	0.0008928007713772	0.3309421016150322	0.2496627717791382	0.1086609034612374	0.251455353547424	0.6167545904103418	0.0015990653503465	30.01176961417993	accepted	Likely BOLD	-0.042614989236526485	-0.004980542330779098	-0.16862964112398116	-0.052173490015517035	0.02991311016812544	0.0391135386659223	0.01147615569454558	-0.12965456825807015	-0.07399816805008237	0.1366693670799919	-0.13156131075137628	0.14636186711203372	0.059670852619726676	0.08163782321727628	-0.29539963627537164	0.02342051428838131
ICA_23	116.37982270045232	20.13981816877896	0.6828184445285685	1.519570611416062	4129	2940	0.7257487982250709	0.6316524166812074	13.813250052053563	9.665280245336632e-35	1	5.921968642384006	5.592732451793781	3.8923347289025583	1.901384161229202e-09	8.330510692378112e-08	0.0103827041828611	0.3831674497003249	0.3194131571252648	0.0754928261515369	10.579489271999018	0.0013999155035571	0.0631311702760198	30.811975817079983	accepted	Likely BOLD	0.01676740372641869	0.07655979669979171	-0.3309450431314414	-0.05178251432409438	0.13134155486298688	-0.0974359769802922	0.0965788408059781	0.15884339619322688	0.04782950989779579	-0.08057660163488227	0.2589504980775857	-0.24316219071395034	0.16542072067494945	0.08599420045989582	-0.18198984285993347	0.22092186185111484
ICA_24	27.61897331115928	13.994379236573176	0.787713601170716	1.369610115537268	4042	2257	0.5522863329512164	0.345001143902997	0.0	0.0	1	73.60046777590497	74.35414228835977	5.044201693150135	1.1102230246251563e-16	1.1102230246251563e-16	0.0023701580262238	0.8853254247233748	0.861869074707774	0.0956956667592199	0.7256559422074597	0.395592414301629	0.0046007476581574	n/a	rejected	Unlikely BOLD,Fits CSF external regressors,External regressors,Fits motion external regressors	0.07741584308572251	0.038216913308235144	-0.3741310953499422	0.15965182811999665	-0.034744940592416805	-0.09605298661714988	0.01179212394500034	0.18983129151749198	0.00704635456203403	0.03408857925806157	-0.052440335221979266	-0.12829363064648247	0.06878917386577564	-0.06639756224277854	-0.15649975405490496	0.06341119799724974
ICA_25	60.71729182215082	14.102655666430984	0.3419679822479614	0.6848552455860243	4215	3188	0.7237623762376237	0.585436425012056	16.096959437487065	4.163182555444933e-45	1	5.076997928153111	4.283325956752344	1.319483175503657	5.7624769733699566e-08	8.81515447015424e-06	0.2704298032852081	0.3474936904090825	0.2644029572309982	0.0269358416563647	3.215684326647694	0.074860643094069	0.0200709708301189	23.604410842350433	accepted	Likely BOLD	-0.23888276364986244	-0.12850996050212796	0.3495410346995503	0.04674494044668936	-0.21515401116634866	0.1680218343288487	-0.04745352889795041	-0.11375300941313024	0.0169951314605724	-0.03650015248519356	-0.03440109667465568	0.13953597114607613	-0.03989786833009335	-0.021552579112950124	-0.26109061000512707	-0.1285817177744047
ICA_26	46.55204193444222	16.0368558211952	0.3046916020264281	0.8569375605883698	4852	3186	0.7271779908295123	0.5839760742956084	9.345591918253955	4.541195263849677e-20	1	3.62025039084272	2.9340966759329685	2.1279944007054143	2.497995320438484e-05	0.0011382968120291	0.0993062996673754	0.2752292049647857	0.1975721118332327	0.0427353928130215	6.416934115583788	0.0122845339774092	0.0392672531173857	22.192021562002378	accepted	Likely BOLD	-0.09635411114778801	-0.008700867859561362	0.03497835758081664	-0.007294184098780645	-0.03279810796287178	0.055291153886912796	-0.04042154691584613	0.08043615813270412	0.2143573261778382	-0.12328033242493625	0.060011603279383575	-0.05138541451807162	0.22887181967982	-0.013719468945499348	-0.0616276567621672	-0.20269632029451243
ICA_27	110.95320345399097	18.1249308505096	1.806341038896007	2.8284688201161843	6312	4696	0.7884095931898175	0.6980425713980105	8.808048546729799	1.5525399663841897e-17	1	3.396712223211317	3.7312807219850863	4.609747506072083	6.400484108060045e-05	6.47571905963984e-05	0.0041329092633483	0.262699169028994	0.2384517681016167	0.0881802544994753	0.2561039779511314	0.6135193525934068	0.0016285789325356	28.278057785051637	accepted	Likely BOLD	-0.005001167912225678	-0.020606790052779926	0.10475462127589386	-0.04932463197269714	-0.07273306219800625	0.07434386357763725	-0.013463779037504882	-0.06444100702568886	-0.006498481289457171	0.05552846124385824	-0.16450299650577963	0.13336958723739492	-0.009988944560514901	0.02428633026984238	-0.12460404829890175	-0.03983546171161063
ICA_28	23.841751471622036	29.806956632943223	0.7516153826250269	0.6022677554235667	3373	2459	0.6111278195488722	0.5026628430970913	3.4139074321869596	0.0006878904758592	1	4.703178566802592	4.657687682415538	1.8710307883705464	2.686780651295351e-07	2.294847799122479e-06	0.137159112516439	0.3303603157707252	0.281017744903798	0.0377698376083948	3.594982895821786	0.059791403468804	0.0223853997864544	n/a	rejected	Unlikely BOLD	-0.15241068116166917	-0.020461555021668756	0.1592639973702905	0.0002236430377150511	-0.017885939921865615	0.04794070825838694	-0.14380775409483643	-0.0963891070870058	0.14560470165957848	0.24558751745582688	-0.1909377614491948	0.16395998677269305	0.16560599307756105	-0.017044308817745952	-0.029513110229880988	-0.15429011199724646
ICA_29	106.73606222850448	18.502352051231103	0.5718989019117408	1.2001685354961145	5868	4459	0.7836979836979837	0.6704662031232189	13.25421039109141	4.467042382976643e-37	1	2.688365044373104	2.4720356077865064	1.987187594539035	0.001227822911308	0.0057666872873392	0.1185753993947639	0.2199665677625413	0.1718039306557583	0.0400208125654328	2.805513638946728	0.0959314455246399	0.0175558000162955	13.551842533453785	accepted	Likely BOLD	0.005548644018930619	0.08733083660724736	0.13168431531310484	-0.10565032278642073	0.13305847693420478	-0.09375745849065734	0.03247756587607658	0.032808078549613554	0.15005479269746186	-0.2860022472268996	0.23695330210416526	-0.06623698117708812	-0.07245926055591893	0.06507907611197684	0.1714222410379897	-0.13786507994932226
ICA_30	68.93841290102068	18.24824070363268	0.3816378151475033	0.920055904200416	5451	4142	0.7508670520231214	0.635593220338983	17.692786251435017	1.1062805156434908e-61	1	2.931328410979017	3.5322644846732976	2.2039747229033533	0.0004494183254069	0.0001329254343357	0.0902135215154827	0.2351711158400738	0.2286413506585487	0.0441938315107431	10.420734612525834	0.0015172305895146	0.0622427958916994	25.55211850057035	accepted	Likely BOLD	0.09858276291641413	0.01537645778171524	-0.042930705029906036	-0.0044935759093159815	0.02302047835021299	-0.04762110790598125	-0.007207994734720452	0.14652156305477707	0.009819870757478154	-0.2309800882635422	0.2085118199909417	-0.18772088799501244	-0.006751487242730194	-0.0065769521131159294	0.014862420774633333	0.2500399874013393
ICA_31	137.51777997652977	28.923608672198625	9.49233416277008	4.89142389787459	5815	4380	0.7327823691460055	0.6316666666666667	6.029417214894889	1.4635625319600853e-08	1	25.616183503462292	31.481930245506256	5.913670652450582	1.1102230246251563e-16	1.1102230246251563e-16	0.0007837390241615	0.7287776848370917	0.7254135498716054	0.1103701646600237	58.24099422201176	2.106537166923772e-12	0.2705850455324449	n/a	rejected	Unlikely BOLD,Likely BOLD,Fits CSF external regressors,External regressors,Fits motion external regressors	0.3298927384399593	-0.020267196512066325	-0.19931517807146942	0.12605743844903053	0.08884081915353434	-0.0920467381985756	0.045774176508464916	0.010207700826226788	-0.1454347964585398	0.11667608682684336	0.19151713862619263	-0.24687638721167987	-0.0018743013676956743	-0.06335204915962457	-0.056690264053286456	0.5241042679831623
ICA_32	60.02384112830052	14.330187393345472	0.3210874885607099	0.8349593683987675	5161	3404	0.7591196250254738	0.6330387077110637	13.60560403663753	4.773789846073659e-39	1	4.622890308940245	2.2212335854334513	3.5438339759954287	3.747606454052033e-07	0.0135615855336709	0.0162523415202023	0.3265623958592519	0.157111985926163	0.0692013147991597	12.827017268985742	0.0004551527726897	0.0755298978646564	28.571459191364223	accepted	Likely BOLD	0.06862926128135666	-0.0016823758942529955	-0.28432290070814226	0.006787014793178611	0.07273465733925233	0.014952073778661423	-0.11910246173173038	-0.0918619384311393	0.025189264594336073	-0.021480721763501756	0.004390757689890962	0.098022037231204	0.2909607187623351	-0.03467278228968238	0.011418287210053495	-0.28162749557715006
ICA_33	19.04659339847217	21.14466790198262	0.1476694309115193	0.5016362371681755	2720	2946	0.588212927756654	0.5391156462585034	0.3986225761227316	0.6903014984019227	1	1.4267534554200143	1.4434975127629337	1.6606625905558303	0.1423162369826257	0.1529266398225364	0.1781892951434143	0.1301772041517109	0.1080448932645199	0.0336661768549465	0.0263613499567987	0.8712297390872873	0.0001678784997001	n/a	rejected	Unlikely BOLD	0.016420418328645502	0.04503080221918235	-0.19248614877388878	-0.029581220323050248	0.06517444120599367	-0.06687938458362577	-0.1251594264564923	-0.055267618992134886	0.01793360319904817	0.01029709275354111	0.028853224570222366	0.05974392755645421	-0.09687611329156762	0.03551945025108862	0.045740805035468464	0.006980292156572967
ICA_34	30.18513063893444	16.471512559032394	61.07482929482847	42.23828806759335	6897	3984	0.5797014925373134	0.2499015618847617	0.0	0.0	-1	276.41221251823174	97.31851035379894	18.634416994143507	1.1102230246251563e-16	1.1102230246251563e-16	2.933424614326441e-10	0.9666603188206956	0.8909081580521078	0.2810575026115011	1.798135535312006	0.181874890182712	0.0113234045806045	n/a	rejected	Unlikely BOLD,Fits CSF external regressors,External regressors,Fits motion external regressors	0.7174567460438908	-0.9956823292601596	0.00957046446834312	0.9772650425545754	-0.9368007185631403	0.9793771827716402	-0.04378531225544127	-0.05789770309479929	-0.012323003947364285	0.09500818800671772	-0.036349389265158336	0.04915702944764261	-0.34435202755623406	-0.976769611000262	-0.13249717127983762	0.153671178044551
ICA_35	33.17969956866627	20.276591412492404	6.037794733156262	6.798004104723515	5010	3855	0.5314098629015757	0.3171348688590067	-5.661443814923277	2.3254483440222742e-06	-1	52.34391982482719	3.853774708722131	52.9171229699972	1.1102230246251563e-16	4.158612754956437e-05	1.1102230246251563e-16	0.8459315362793209	0.2443669531492184	0.5260999129297903	0.0397717977250892	0.8421854832960153	0.0002532593958193	n/a	rejected	Unlikely BOLD,Fits CSF external regressors,External regressors,Fits motion external regressors	-0.33578782351973524	-0.07920258629663933	0.12310177094151079	0.08475063467311283	-0.1668670541101065	0.0902668420892975	-0.05482303049594361	0.020579109544657973	-0.02993854806783592	0.03292817492086816	-0.0361194480100073	-0.009597147750449155	0.09972208170487412	0.061001096323415736	-0.8035658819702092	-0.003792576102201874
ICA_36	29.089112171409123	13.11130845480447	0.2983616026699798	0.7520507931801695	3776	2472	0.6293592862935928	0.4345358735306039	7.194284919526994	2.200399620947482e-12	1	8.415660944011428	5.035118329199056	2.008563275689656	1.5276668818842157e-13	5.964400999758368e-07	0.1154322562527064	0.4688653199156503	0.2970258489254697	0.0404338999139091	1.5712956448546638	0.2118824055721262	0.0099090799407594	n/a	rejected	Unlikely BOLD	0.10312646017894743	-0.0695548817148901	-0.26606745408416077	0.07129791508936148	0.002236551065893586	0.0620577618852685	0.02264350730206458	-0.228700315890581	-0.12603368731376852	0.1649215953988458	0.05696784746220518	0.09139263502255732	0.18701355058655336	-0.034075202910866034	-0.22917127473251303	0.08668073810760532
ICA_37	79.22947022853715	16.092925572765722	0.4808251508757867	1.0591864597490892	5480	4158	0.7565536205316223	0.6524578046076136	14.52367783659858	6.305960252146255e-44	1	4.988870686560327	5.313664893626412	3.579462267183386	8.271223816969099e-08	2.223062325334979e-07	0.0155246264727035	0.343533989725401	0.3083901708468359	0.0698484420511812	13.28490004421739	0.0003632423112804	0.0780157256501764	16.83742548831755	accepted	Likely BOLD	-0.10786984520830946	-0.017433569634589585	0.10577671547670647	-0.04387765485972252	-0.05442554900326876	0.03610406151156982	-0.09735903097165506	-0.23545735792526679	0.0491504756339181	0.04356259999417905	-0.15567642956554117	0.2575162953571447	0.018525404496252305	0.002084007917941667	0.033917847046167626	-0.2673753425618981
ICA_38	21.985095215397735	14.701028740732683	0.1683438039449897	0.4420786339610828	3150	1892	0.654462983962417	0.5266576454668471	6.547240349191546	2.923855131100294e-10	1	4.48371261506085	4.511827311001903	1.8824790503835584	6.683003599405879e-07	3.873198600290451e-06	0.1352092361936645	0.3198757164361376	0.2746342614931641	0.0379921595648374	0.92317185013933	0.3381209361300872	0.0058457023077992	n/a	rejected	Unlikely BOLD	-0.12116643133319824	-0.021502867591073543	0.29775352087283063	0.016632599453143968	-0.11515542004092894	0.019163034286218784	-0.021010501284792926	-0.2016466671541391	-0.1132303421401838	0.06859438491041189	-0.12973125302623528	0.12615500426212128	-0.22741304838217355	-0.03479694727361582	0.034516895252410626	-0.06339467644347385
ICA_39	30.351604164860017	13.837992341165108	0.2449093407664411	0.6615728906019194	3239	2318	0.6306532663316583	0.5414942278370726	13.595779543448325	1.955992980545525e-37	1	4.98240458495903	5.230373878617701	3.613735705862467	8.493820635724347e-08	2.984016357343578e-07	0.0148553289407742	0.3432415639497272	0.3050307057246747	0.0704701121416774	3.022508994499346	0.0840767242042062	0.0188880240254403	n/a	rejected	Unlikely BOLD	0.2097607261464867	-0.12969751226160492	-0.16227267344854987	0.06910100129961018	-0.11082642726738291	0.14973995027189926	0.01090168435259951	-0.19158565246034095	0.013873217815528041	0.046079677627879276	-0.06883657943301164	0.13235388499315748	0.15589872254356865	-0.10392502068865458	-0.0420789767580898	-0.12122360376195315
ICA_40	103.3086027047921	18.116409204301025	0.986755212911672	1.5510855441143274	6066	4735	0.782009247583018	0.6801221907047785	9.715189191569696	9.970720256834801e-21	1	3.673002276458626	4.189495641709918	4.049112838520858	2.000464822382586e-05	1.2365069162134644e-05	0.0084877397963416	0.278124256794992	0.2601175600677401	0.0782955004693432	30.35435644205314	1.443422319447052e-07	0.1620157492918583	27.605723818690464	accepted	Likely BOLD	-0.18634351560474918	0.013215964542167577	0.01806857823864444	-0.07569041738365831	0.0248430055087402	0.02300091412112897	-0.023073629458384984	0.02487145401398973	0.027256736018959126	-0.1410210465323088	-0.037544832996368044	0.12463099080071166	0.09620137916806673	0.028743200608427933	0.13593418839802138	-0.40447274375539677
